{"cameraMode":{"drawMode":0,"name":"Shaded","section":"Shading Mode"},"sceneLighting":false,"audioPlay":false,"sceneViewState":{"showFog":true,"showMaterialUpdate":true,"showSkybox":false,"showFlares":true,"showImageEffects":true,"showParticleSystems":true},"in2DMode":false,"pivot":{"x":1.0814828872680665,"y":26.362085342407228,"z":2.946516990661621},"rotation":{"x":-0.03433867171406746,"y":0.9386274814605713,"z":-0.09777118265628815,"w":-0.3290625512599945},"size":143.83102416992188,"orthographic":false}