{"cameraMode":{"drawMode":0,"name":"Shaded","section":"Shading Mode"},"sceneLighting":false,"audioPlay":false,"sceneViewState":{"showFog":true,"showMaterialUpdate":true,"showSkybox":false,"showFlares":true,"showImageEffects":true,"showParticleSystems":true},"in2DMode":false,"pivot":{"x":0.0010814834386110306,"y":0.026362087577581407,"z":0.0029753167182207109},"rotation":{"x":-0.03433867171406746,"y":0.9386274814605713,"z":-0.09777118265628815,"w":-0.3290625512599945},"size":0.1438310593366623,"orthographic":false}